匿名模型,题目ID,类别,准确性,完整性,逻辑性,安全性,格式,备注
Model-A,math-01,math,5,5,5,5,5,答案正确过程完整
Model-B,math-01,math,5,5,5,5,5,答案正确过程完整
Model-C,math-01,math,5,5,5,5,5,正确且简洁
Model-D,math-01,math,5,5,5,5,5,答案正确过程完整
Model-E,math-01,math,5,5,5,5,5,正确且表述详尽
Model-A,math-02,math,5,4,5,5,5,乘法未展开过程
Model-B,math-02,math,5,4,5,5,5,乘法未展开过程
Model-C,math-02,math,5,4,5,5,5,乘法未展开过程
Model-D,math-02,math,5,4,5,5,5,乘法未展开过程
Model-E,math-02,math,5,5,5,5,5,分配律展开最详细
Model-A,math-03,math,5,5,5,5,5,答案正确
Model-B,math-03,math,5,5,5,5,5,列方程求解清晰
Model-C,math-03,math,5,5,5,5,4,正确但偏简略
Model-D,math-03,math,5,5,5,5,5,答案正确
Model-E,math-03,math,5,5,5,5,5,效率法思路最清晰
Model-A,math-04,math,3,5,3,4,5,第50项算成203
Model-B,math-04,math,5,5,5,5,5,199正确有验算
Model-C,math-04,math,3,5,3,4,5,203与通项自相矛盾
Model-D,math-04,math,5,5,5,5,5,199正确
Model-E,math-04,math,5,5,5,5,5,199正确推导完整
Model-A,math-05,math,5,5,5,5,5,组合与概率均正确
Model-B,math-05,math,5,5,5,5,5,组合与概率均正确
Model-C,math-05,math,5,5,4,5,5,未说明总数36
Model-D,math-05,math,5,5,5,5,5,组合与概率均正确
Model-E,math-05,math,5,5,5,5,5,正确且标注清晰
Model-A,math-06,math,5,5,5,5,5,判别式与解均正确
Model-B,math-06,math,5,5,5,5,5,判别式与解均正确
Model-C,math-06,math,5,5,5,5,5,步骤代入清晰
Model-D,math-06,math,5,5,5,5,5,判别式与解均正确
Model-E,math-06,math,5,5,5,5,5,最详尽分类讨论
Model-A,math-07,math,5,5,5,5,5,11576.25正确
Model-B,math-07,math,5,5,5,5,5,11576.25正确
Model-C,math-07,math,5,5,5,5,5,11576.25正确
Model-D,math-07,math,5,5,5,5,5,11576.25正确
Model-E,math-07,math,5,5,5,5,5,公式解释最完整
Model-A,reason-01,reasoning,1,3,1,3,4,结论错且自相矛盾
Model-B,reason-01,reasoning,2,4,2,4,4,推丙错未验证乙
Model-C,reason-01,reasoning,2,3,2,4,4,结论错过程简略
Model-D,reason-01,reasoning,2,4,3,4,4,验证丙时漏矛盾
Model-E,reason-01,reasoning,5,5,4,5,5,唯一答对乙且自洽
Model-A,reason-02,reasoning,1,2,1,2,3,叔叔堂兄前后矛盾
Model-B,reason-02,reasoning,1,3,2,3,4,误读条件答叔叔
Model-C,reason-02,reasoning,1,3,2,3,4,与B同错答叔叔
Model-D,reason-02,reasoning,1,2,1,3,3,仅一句无推理
Model-E,reason-02,reasoning,1,3,2,2,4,答弟弟违独生条件
Model-A,reason-03,reasoning,5,5,4,5,5,答42规律表述略糙
Model-B,reason-03,reasoning,5,5,4,5,5,同A正确
Model-C,reason-03,reasoning,5,5,4,5,5,同A正确
Model-D,reason-03,reasoning,5,5,4,5,5,同A正确
Model-E,reason-03,reasoning,4,5,4,4,5,答对但冒出50赘误
Model-A,reason-04,reasoning,5,5,5,5,5,余2推五正确清晰
Model-B,reason-04,reasoning,2,4,2,4,4,映射法自不一致
Model-C,reason-04,reasoning,5,5,5,5,5,正确清晰
Model-D,reason-04,reasoning,2,4,2,3,4,余数算错答周日
Model-E,reason-04,reasoning,5,5,4,5,5,答对但措辞小误
Model-A,reason-05,reasoning,5,5,5,5,5,标准7步方案
Model-B,reason-05,reasoning,2,2,1,3,1,死循环刷屏截断
Model-C,reason-05,reasoning,2,2,1,3,1,死循环刷屏截断
Model-D,reason-05,reasoning,2,2,1,3,1,死循环刷屏截断
Model-E,reason-05,reasoning,2,4,2,3,5,狼未过河羊菜同岸
Model-A,reason-06,reasoning,5,5,5,5,5,正确
Model-B,reason-06,reasoning,5,5,5,5,5,正确
Model-C,reason-06,reasoning,1,3,2,3,4,答500分钟荒谬
Model-D,reason-06,reasoning,5,5,5,5,5,正确
Model-E,reason-06,reasoning,5,5,5,5,5,正确稍冗长
Model-A,reason-07,reasoning,5,5,5,5,5,排序与答案均对
Model-B,reason-07,reasoning,5,5,5,5,5,正确
Model-C,reason-07,reasoning,5,5,5,5,5,正确
Model-D,reason-07,reasoning,5,5,5,5,5,正确
Model-E,reason-07,reasoning,3,5,3,5,5,排序对第二矮答错
Model-A,code-01,code,5,5,5,5,4,正确但缩进欠佳
Model-B,code-01,code,5,5,2,3,5,解释自相矛盾编造反转串
Model-C,code-01,code,5,5,2,3,5,解释与输出断言矛盾
Model-D,code-01,code,5,5,5,5,4,正确解释一致
Model-E,code-01,code,5,5,5,5,5,测试丰富最完整
Model-A,code-02,code,4,5,4,5,3,缩进错误无法直接运行
Model-B,code-02,code,4,4,4,5,2,缩进错误且结尾截断
Model-C,code-02,code,5,5,4,5,4,正确但递归树图混乱
Model-D,code-02,code,4,5,4,4,3,缩进错误2^k-1不准确
Model-E,code-02,code,5,5,5,5,5,正确清晰解释到位
Model-A,code-03,code,3,4,3,3,4,误诊为别名问题
Model-B,code-03,code,3,4,2,2,5,编造错误示例输出
Model-C,code-03,code,3,4,3,4,5,说用copy但代码不符
Model-D,code-03,code,4,4,4,5,4,大致命中但表述含糊
Model-E,code-03,code,5,5,5,5,5,准确指出可变默认参数
Model-A,code-04,code,4,5,5,5,5,HAVING用别名非标准
Model-B,code-04,code,4,5,4,5,5,解释顺序混乱
Model-C,code-04,code,4,5,5,5,5,HAVING用别名非标准
Model-D,code-04,code,4,5,5,5,5,HAVING用别名非标准
Model-E,code-04,code,5,5,5,5,5,标准写法解释完整
Model-A,code-05,code,1,4,2,2,5,答案错应为222
Model-B,code-05,code,1,4,2,2,5,答案错编造lambda语义
Model-C,code-05,code,1,4,2,2,5,答案错解释自相矛盾
Model-D,code-05,code,1,4,2,2,5,答案错应为222
Model-E,code-05,code,1,4,3,2,5,答案错但叙述连贯
Model-A,code-06,code,5,5,5,5,4,正确含示例验证
Model-B,code-06,code,3,3,3,3,5,未去标点且编造输出
Model-C,code-06,code,3,3,4,4,3,未去标点缩进错误
Model-D,code-06,code,4,4,5,5,3,思路对但缩进错误
Model-E,code-06,code,5,5,5,5,5,正确规范最完整
